{
    "accuracy": [
        0.613095223903656,
        0.9047619104385376,
        0.9404761791229248,
        0.9821428656578064,
        0.9821428656578064,
        0.988095223903656,
        0.9940476417541504,
        1.0,
        1.0,
        1.0,
        0.9940476417541504,
        1.0,
        0.9940476417541504,
        0.9940476417541504,
        1.0,
        1.0,
        0.9940476417541504,
        1.0,
        0.9940476417541504,
        1.0,
        1.0,
        1.0,
        1.0,
        1.0,
        0.9940476417541504,
        0.9940476417541504,
        1.0,
        1.0,
        1.0,
        1.0,
        1.0
    ],
    "loss": [
        6.784206390380859,
        6.048476219177246,
        5.650692939758301,
        5.334285736083984,
        5.0182366371154785,
        4.709335803985596,
        4.41724157333374,
        4.155129909515381,
        3.889270305633545,
        3.644989013671875,
        3.4307777881622314,
        3.190049648284912,
        3.0075511932373047,
        2.829697847366333,
        2.634483814239502,
        2.472668170928955,
        2.331721544265747,
        2.187354326248169,
        2.0566253662109375,
        1.9373379945755005,
        1.822160243988037,
        1.7350287437438965,
        1.6291625499725342,
        1.5373177528381348,
        1.4667638540267944,
        1.3888261318206787,
        1.3127250671386719,
        1.2427676916122437,
        1.1739742755889893,
        1.1195284128189087,
        1.062157392501831
    ],
    "top_3_accuracy": [
        0.9166666865348816,
        1.0,
        0.9940476417541504,
        1.0,
        1.0,
        1.0,
        1.0,
        1.0,
        1.0,
        1.0,
        1.0,
        1.0,
        1.0,
        1.0,
        1.0,
        1.0,
        1.0,
        1.0,
        1.0,
        1.0,
        1.0,
        1.0,
        1.0,
        1.0,
        1.0,
        1.0,
        1.0,
        1.0,
        1.0,
        1.0,
        1.0
    ],
    "val_accuracy": [
        0.9166666865348816,
        0.9166666865348816,
        0.9166666865348816,
        0.9166666865348816,
        0.9166666865348816,
        0.9166666865348816,
        0.9166666865348816,
        0.9166666865348816,
        0.9166666865348816,
        0.9166666865348816,
        0.9166666865348816,
        0.9166666865348816,
        0.9166666865348816,
        0.9166666865348816,
        0.9166666865348816,
        0.9166666865348816,
        0.9166666865348816,
        0.9166666865348816,
        0.9166666865348816,
        0.9166666865348816,
        0.9166666865348816,
        0.9166666865348816,
        0.9166666865348816,
        0.9166666865348816,
        0.9166666865348816,
        0.9166666865348816,
        0.9166666865348816,
        0.9166666865348816,
        0.9166666865348816,
        0.9166666865348816,
        0.9166666865348816
    ],
    "val_loss": [
        6.370920658111572,
        6.016691207885742,
        5.679103851318359,
        5.412618160247803,
        5.126298904418945,
        4.854609966278076,
        4.580110549926758,
        4.290626525878906,
        4.036452293395996,
        3.8044559955596924,
        3.593289613723755,
        3.3948447704315186,
        3.1848230361938477,
        2.9633305072784424,
        2.7680366039276123,
        2.6039066314697266,
        2.4890661239624023,
        2.317948341369629,
        2.139991521835327,
        2.0200343132019043,
        1.94098699092865,
        1.862176775932312,
        1.7786688804626465,
        1.710801124572754,
        1.578618049621582,
        1.4589914083480835,
        1.5383052825927734,
        1.4764171838760376,
        1.4099220037460327,
        1.3599170446395874,
        1.302690029144287
    ],
    "val_top_3_accuracy": [
        1.0,
        1.0,
        1.0,
        1.0,
        1.0,
        1.0,
        1.0,
        1.0,
        1.0,
        1.0,
        1.0,
        1.0,
        1.0,
        1.0,
        1.0,
        1.0,
        1.0,
        1.0,
        1.0,
        1.0,
        1.0,
        1.0,
        1.0,
        1.0,
        1.0,
        1.0,
        1.0,
        1.0,
        1.0,
        1.0,
        1.0
    ],
    "learning_rate": [
        0.0005000000237487257,
        0.0005000000237487257,
        0.0005000000237487257,
        0.0005000000237487257,
        0.0005000000237487257,
        0.0005000000237487257,
        0.0005000000237487257,
        0.0005000000237487257,
        0.0005000000237487257,
        0.0005000000237487257,
        0.0005000000237487257,
        0.0005000000237487257,
        0.0005000000237487257,
        0.0005000000237487257,
        0.0005000000237487257,
        0.0005000000237487257,
        0.0005000000237487257,
        0.0005000000237487257,
        0.0005000000237487257,
        0.0005000000237487257,
        0.0005000000237487257,
        0.0005000000237487257,
        0.0005000000237487257,
        0.0005000000237487257,
        0.0005000000237487257,
        0.0005000000237487257,
        0.0005000000237487257,
        0.0005000000237487257,
        0.0005000000237487257,
        0.0005000000237487257,
        0.0005000000237487257
    ]
}